<?xml version="1.0"?>
<!DOCTYPE hibernate-mapping PUBLIC "-//Hibernate/Hibernate Mapping DTD 3.0//EN"
"http://hibernate.sourceforge.net/hibernate-mapping-3.0.dtd">
<!-- Generated 2015-10-13 3:28:12 by Hibernate Tools 3.4.0.CR1 -->
<hibernate-mapping>
    <class name="jp.autorace.dc.AutoRacePostRacePlayer" table="AutoRace_PostRace_Player" schema="dbo" catalog="JPMotorDB">
        <composite-id name="id" class="jp.autorace.dc.AutoRacePostRacePlayerId">
            <key-property name="raceId" type="long">
                <column name="RaceID" />
            </key-property>
            <key-property name="playerId" type="int">
                <column name="PlayerID" />
            </key-property>
        </composite-id>
        <property name="uraceId" type="java.lang.Long">
            <column name="URaceID" />
        </property>
        <property name="playerName" type="string">
            <column name="PlayerName" length="50" />
        </property>
        <property name="playerNameEn" type="string">
            <column name="PlayerNameEn" length="50" />
        </property>
        <property name="clothNo" type="java.lang.Byte">
            <column name="ClothNo" />
        </property>
        <property name="finishPosition" type="java.lang.Byte">
            <column name="FinishPosition" />
        </property>
        <property name="accidentName" type="string">
            <column name="AccidentName" length="20" />
        </property>
        <property name="handicap" type="big_decimal">
            <column name="Handicap" precision="9" scale="4" />
        </property>
        <property name="motorName" type="string">
            <column name="MotorName" length="20" />
        </property>
        <property name="trialRunT" type="big_decimal">
            <column name="TrialRunT" precision="9" scale="4" />
        </property>
        <property name="raceRunT" type="big_decimal">
            <column name="RaceRunT" precision="9" scale="4" />
        </property>
        <property name="st" type="big_decimal">
            <column name="ST" precision="9" />
        </property>
        <property name="startRemark" type="string">
            <column name="StartRemark" length="20" />
        </property>
        <property name="scratch" type="java.lang.Boolean">
            <column name="Scratch" />
        </property>
        <property name="extractTime" type="timestamp">
            <column name="ExtractTime" length="16" />
        </property>
    </class>
</hibernate-mapping>
