<?xml version="1.0"?>
<!DOCTYPE hibernate-mapping PUBLIC "-//Hibernate/Hibernate Mapping DTD 3.0//EN"
"http://hibernate.sourceforge.net/hibernate-mapping-3.0.dtd">
<!-- Generated 2015-10-13 3:28:12 by Hibernate Tools 3.4.0.CR1 -->
<hibernate-mapping>
    <class name="jp.autorace.dc.AutoRacePreRacePlayerLive" table="AutoRace_PreRace_Player_Live" schema="dbo" catalog="JPMotorDB">
        <composite-id name="id" class="jp.autorace.dc.AutoRacePreRacePlayerLiveId">
            <key-property name="raceId" type="long">
                <column name="RaceID" />
            </key-property>
            <key-property name="playerId" type="int">
                <column name="PlayerID" />
            </key-property>
        </composite-id>
        <property name="uraceId" type="java.lang.Long">
            <column name="URaceID" />
        </property>
        <property name="playerName" type="string">
            <column name="PlayerName" length="50" />
        </property>
        <property name="playerNameEn" type="string">
            <column name="PlayerNameEn" length="50" />
        </property>
        <property name="clothNo" type="java.lang.Byte">
            <column name="ClothNo" />
        </property>
        <property name="lg" type="string">
            <column name="LG" length="20" />
        </property>
        <property name="age" type="java.lang.Byte">
            <column name="Age" />
        </property>
        <property name="handicap" type="big_decimal">
            <column name="Handicap" precision="9" scale="4" />
        </property>
        <property name="playerImagePath" type="string">
            <column name="PlayerImagePath" length="50" />
        </property>
        <property name="motorName" type="string">
            <column name="MotorName" length="20" />
        </property>
        <property name="motorClass" type="string">
            <column name="MotorClass" length="10" />
        </property>
        <property name="period" type="string">
            <column name="Period" length="20" />
        </property>
        <property name="currentRank" type="string">
            <column name="Current_rank" length="10" />
        </property>
        <property name="lastRank" type="string">
            <column name="Last_rank" length="10" />
        </property>
        <property name="examinationPoint" type="string">
            <column name="ExaminationPoint" length="100" />
        </property>
        <property name="scratch" type="java.lang.Boolean">
            <column name="Scratch" />
        </property>
        <property name="extractTime" type="timestamp">
            <column name="ExtractTime" length="16" />
        </property>
        <property name="trialT" type="big_decimal">
            <column name="TrialT" precision="8" />
        </property>
        <property name="trialOffset" type="big_decimal">
            <column name="TrialOffset" precision="8" />
        </property>
    </class>
</hibernate-mapping>
