<?xml version="1.0"?>
<!DOCTYPE hibernate-mapping PUBLIC "-//Hibernate/Hibernate Mapping DTD 3.0//EN"
"http://hibernate.sourceforge.net/hibernate-mapping-3.0.dtd">
<!-- Generated 2015-10-13 3:28:12 by Hibernate Tools 3.4.0.CR1 -->
<hibernate-mapping>
    <class name="jp.autorace.dc.CodeBetType" table="Code_BetType" schema="dbo" catalog="JPMotorDB">
        <composite-id name="id" class="jp.autorace.dc.CodeBetTypeId">
            <key-property name="betTypeId" type="byte">
                <column name="BetTypeID" />
            </key-property>
            <key-property name="betTypeName" type="string">
                <column name="BetTypeName" length="20" />
            </key-property>
            <key-property name="rawBetType" type="string">
                <column name="RawBetType" length="20" />
            </key-property>
        </composite-id>
    </class>
</hibernate-mapping>
