<?xml version="1.0"?>
<!DOCTYPE hibernate-mapping PUBLIC "-//Hibernate/Hibernate Mapping DTD 3.0//EN"
"http://hibernate.sourceforge.net/hibernate-mapping-3.0.dtd">
<!-- Generated 2015-10-13 3:28:12 by Hibernate Tools 3.4.0.CR1 -->
<hibernate-mapping>
    <class name="jp.autorace.dc.CodeTrack" table="Code_Track" schema="dbo" catalog="JPMotorDB">
        <id name="trackId" type="short">
            <column name="TrackID" />
            <generator class="assigned" />
        </id>
        <property name="trackName" type="string">
            <column name="TrackName" length="50" />
        </property>
        <property name="englishName" type="string">
            <column name="EnglishName" length="50" />
        </property>
    </class>
</hibernate-mapping>
