<?xml version="1.0" encoding="UTF-8"?>
<!DOCTYPE hibernate-reverse-engineering PUBLIC "-//Hibernate/Hibernate Reverse Engineering DTD 3.0//EN" "http://hibernate.sourceforge.net/hibernate-reverse-engineering-3.0.dtd" >

<hibernate-reverse-engineering>
  <table-filter match-catalog="JPMotorDB" match-schema="dbo" match-name="AutoRace_Dividend"/>
  <table-filter match-catalog="JPMotorDB" match-schema="dbo" match-name="AutoRace_LiveE"/>
  <table-filter match-catalog="JPMotorDB" match-schema="dbo" match-name="AutoRace_LiveQ"/>
  <table-filter match-catalog="JPMotorDB" match-schema="dbo" match-name="AutoRace_LiveQW"/>
  <table-filter match-catalog="JPMotorDB" match-schema="dbo" match-name="AutoRace_LiveT"/>
  <table-filter match-catalog="JPMotorDB" match-schema="dbo" match-name="AutoRace_LiveTi"/>
  <table-filter match-catalog="JPMotorDB" match-schema="dbo" match-name="AutoRace_PostRace_Player"/>
  <table-filter match-catalog="JPMotorDB" match-schema="dbo" match-name="AutoRace_PostRace_Race"/>
  <table-filter match-catalog="JPMotorDB" match-schema="dbo" match-name="AutoRace_PreRace_Player"/>
  <table-filter match-catalog="JPMotorDB" match-schema="dbo" match-name="AutoRace_PreRace_Race"/>
  <table-filter match-catalog="JPMotorDB" match-schema="dbo" match-name="Code_BetType"/>
  <table-filter match-catalog="JPMotorDB" match-schema="dbo" match-name="Code_Player"/>
  <table-filter match-catalog="JPMotorDB" match-schema="dbo" match-name="Code_Track"/>
</hibernate-reverse-engineering>